ECF18015,SLC-2K,[1CE]K9F1G08U0M(90NM)#[1CE]K9F1G08U0A(90NM)
ECF10095,SLC-2K,[1CE]K9F1G08U0B(60NM)#[1CE]K9F1G08U0C(60NM)
ECF10015,SLC-2K,[1CE]K9F1G08U0D(42NM)
ECDED57A,MLC-8K,[1CE]K9LCG08U0A(27NM)#[2CE]K9HDG08U1A(27NM)#[4CE]K9PFG08U5A(27NM)
ECDED572,MLC-8K,[2CE]K9PFG08U5M(35NM)
ECDEA47E,MLC-8K,[1CE]K9GCGD8U0M#[2CE]K9LDGD8U1M#[4CE]K9HFGY8U5M
ECDEA47A,MLC-8K,[1CE]K9GCGD8U0A#[2CE]K9LDGY8U1A#[4CE]K9HFGY8U5A
ECDE98CE,TLC-8K,[1CE]K9ACGD8U0M(27NM)#[2CE]K9BDGD8U1M(27NM)#[4CE]K9CFGD8U5M(27NM)
ECDE9576,MLC-8K,[1CE]K9LCG08U0A(27NM)
ECDE5576,MLC-8K,[4CE]K9PFGD8U5M
ECDCC115,SLC-2K,[1CE]K9K4G08U0M(90NM)#[2CE]K9W8G08U1M(70NM)
ECDC14A5,MLC-2K,[1CE]K9G4G08U0B(60NM)
ECDC1425,MLC-2K,[1CE]K9G4G08U0M(90NM)#[1CE]K9G4G08U0A(60NM)
ECDC1095,SLC-2K,[1CE]K9F4G08U0M(70NM)#[1CE]K9F4G08U0A(60NM)#[1CE]K9F4G08U0B(60NM)#[1CE]K9F4G08U0C#[1CE]K9F4G08U0E#[2CE]K9K8G08U1M(70NM)#[2CE]K9K8G08U1A(60NM)#[2CE]K9K8G08U1C#[2CE]K9K8G08U1E
ECDAC115,SLC-2K,[1CE]K9K2G08U0M(90NM)#[2CE]K9W4G08U1M(90NM)
ECDA8015,SLC-2K,[1CE]K9F2G08U0M(90NM)#[1CE]K9K2G08U0A(60NM)
ECDA1425,MLC-2K,[1CE]K9G2G08U0M(60NM)#[2CE]K9L4G08U1M(60NM)#[4CE]K9H8G08U5M(60NM)
ECDA1095,SLC-2K,[1CE]K9F2G08U0A(60NM)#[1CE]K9F2G08U0B(60NM)
ECD7D529,MLC-4K,[1CE]K9LBG08U0D(42NM)#[2CE]K9HCG08U1D(42NM)#[4CE]K9PDG08U5D(42NM)
ECD7C572,MLC-8K,[1CE]K9LBG08U0E(32NM)#[2CE]K9HCG08U1E(32NM)#[4CE]K9PDG08U2E(32NM)
ECD79935,MLC-4K,[4CE]K9LEAG8ZUMM(51NM)
ECD798CE,TLC-8K,[1CE]K9ABGD8U0B(27NM)#[2CE]K9BCGD8U1B(27NM)#[4CE]K9CDGD8U5B(27NM)
ECD798CA,TLC-8K,[1CE]K9ABG08U0A(32NM)#[2CE]K9BCG08U1A(32NM)#[4CE]K9CDG08U5A(32NM)
ECD798C6,TLC-8K,[1CE]K9ABG08U0M(42NM)#[2CE]K9BCG08U1M(42NM)#[4CE]K9CDG08U5M(42NM)
ECD7947E,MLC-8K,[1CE]K9GBG08U0B#[2CE]K9LCGY8U1B#[4CE]K9HDGY8U5B#[8CE]K9PFGY8U7B
ECD7947A,MLC-8K,[1CE]K9GBG08U0A(27NM)#[2CE]K9LCG08U1A(27NM)#[4CE]K9HDG08U5A(27NM)
ECD79476,MLC-8K,[1CE]K9GBG08U0A(27NM)#[2CE]K9LCG08U1A(27NM)#[4CE]K9HDG08U5A(27NM)
ECD79472,MLC-8K,[1CE]K9GBG08U0M(35NM)#[2CE]K9LCG08U1M(35NM)#[4CE]K9HDG08U5M(35NM)
ECD755B6,MLC-4K,[1CE]K9LBG08U0M(51NM)#[2CE]K9HCG08U1M(51NM)#[4CE]K9MDG08U5M(51NM)
ECD7516A,SLC-8K,[4CE]K9QDG08U5M#[8CE]K9QDG08U7M
ECD7316A,SLC-8K,[8CE]K9QDGD8X5M
ECD71476,MLC-8K,[1CE]K9GBGD8U0M(35NM)#[2CE]K9LCGD8U1M(35NM)#[4CE]K9HDGD8U5M(35NM)#[8CE]K9PFGD8U7M(35NM)
ECD59871,TLC-4K,[1CE]K9AAG08U0M(51NM)#[2CE]K9BBG08U1M(51NM)#[4CE]K9CCG08U5M(51NM)
ECD59835,MLC-4K,[2CE]K9LE8G4ZUMM(51NM)
ECD59476,MLC-8K,[1CE]K9GAG08U0F(27NM)#[2CE]K9LBG08U1F(27NM)#[4CE]K9HCG08U5F(27NM)
ECD59436,MLC-4K,[1CE]K9GAG08U0A(51NM)#[2CE]K9LBG08U1A(51NM)#[4CE]K9HCG08U5A(51NM)
ECD59429,MLC-4K,[1CE]K9GAG08U0D(42NM)#[2CE]K9LBG08U1D(42NM)#[4CE]K9HCG08U5D(42NM)
ECD58472,MLC-8K,[1CE]K9GAG08U0E(32NM)#[2CE]K9LBG08U1E(32NM)#[4CE]K9HCG08U5E(32NM)
ECD555A5,MLC-4K,[1CE]K9LAG08U0A(51NM)#[2CE]K9HBG08U1A(51NM)#[4CE]K9MCG08U5A(51NM)
ECD55525,MLC-2K,[1CE]K9LAG08U0M(60NM)#[2CE]K9HBG08U1M(60NM)#[4CE]K9MCG08U5M(60NM)
ECD551A6,SLC-4K,[1CE]K9KAG08U0M(51NM)#[2CE]K9WBG08U1M(51NM)#[4CE]K9NCG08U5M(51NM)
ECD514B6,MLC-4K,[1CE]K9GAG08U0M(51NM)#[2CE]K9LBG08U1M(51NM)#[4CE]K9HCG08U5M(51NM)
ECD5106A,SLC-8K,[1CE]K9FAG08U0M#[2CE]K9KBG08U1M#[4CE]K9WCG08U5M#[8CE]K9QDG08U7M
ECD51022,SLC-8K,[1CE]K9FAGD8U0M
ECD38472,MLC-8K,[1CE]K9G8G08U0C(32NM)#[2CE]K9LAG08U1C(32NM)#[4CE]K9HBG08U5C(32NM)
ECD35525,MLC-2K,[1CE]K9L8G08U0M(90NM)#[1CE]K9L8G08U0A(60NM)#[2CE]K9HAG08U1M(90NM)#[4CE]K9MBG08U5M(90NM)
ECD35195,SLC-2K,[1CE]K9K8G08U0M(70NM)#[1CE]K9K8G08U0A(60NM)#[1CE]K9K8G08U0B(60NM)#[2CE]K9WAG08U1M(70NM)#[2CE]K9WAG08U1A(60NM)#[2CE]K9WAG08U1B(60NM)#[4CE]K9NBG08U5M(70NM)#[4CE]K9NBG08U5A(60NM)
ECD314A5,MLC-4K,[1CE]K9G8G08U0A(51NM)#[1CE]K9G8G08U0B(59NM)#[2CE]K9LBG08U1M(51NM)#[4CE]K9HCG08U5M(51NM)
ECD31425,MLC-2K,[1CE]K9G8G08U0M(60NM)#[2CE]K9LAG08U1M(60NM)#[4CE]K9HBG08U5M(60NM)
ECD310A6,SLC-4K,[1CE]K9F8G08U0M(51NM)#[2CE]K9KAG08U1M(51NM)#[4CE]K9WBG08U5M(51NM)
ECD31019,SLC-4K,[1CE]K9F8G08U0A#[2CE]K9KAG08U1A#[4CE]K9WBG08U5A
ECCCC155,SLC-2K,[1CE]K9K4G16U0M(90NM)#[1CE]K9K4G16U0A(60NM)#[2CE]K9W8G16U1M(90NM)#[2CE]K9W8G16U1A(60NM)#[4CE]K9QAG16U5M(90NM)#[4CE]K9QAG16U5A(60NM)
ECCA8055,SLC-2K,[1CE]K9F2G16U0M(90NM)#[1CE]K9F2G16U0A(60NM)#[2CE]K9K4G16U1M(90NM)#[2CE]K9K4G16U1A(60NM)#[4CE]K9W8G16U5M(90NM)#[4CE]K9W8G16U5A(60NM)
ECC18055,SLC-2K,[1CE]K9F1G16U0M(90NM)#[2CE]K9K2G16U1M(90NM)#[4CE]K9W4G16U5M(90NM)
ECAEA47E,MLC-8K,[1CE]K9GCGD8S0M#[2CE]K9LDGD8S1M#[4CE]K9HFGY8S5M
ECAA8015,SLC-2K,[1CE]K9F2G08R0M(90NM)#[2CE]K9K4G08R1M(90NM)#[4CE]K9W8G08R5M(90NM)
EC79A5C0,SLC-512,[1CE]K9K1G08U0M#[1CE]K9K1G08U0A(90NM)
EC76A5C0,SLC-512,[1CE]K9F1208U0M#[1CE]K9F1208U0A#[1CE]K9F1208U0B
EC76A5BD,SLC-512,[1CE]K9K1208U0C
EC765A3F,SLC-512,[1CE]K9F1208U0C
EC75A5BD,SLC-512,[1CE]K9F5608U0A#[1CE]K9F5608U0B#[1CE]K9F5608U0C
EC73A5EC,SLC-512,[1CE]K9F2808U0B
EC73A533,SLC-512,[1CE]K9F2808U0C
EC3AE57E,MLC-8K,[4CE]K9PHGY8U5M
EC3AD9CE,TLC-8K,[1CE]K9BDGD8U0M(27NM)#[2CE]K9CFGD8U1M(27NM)#[4CE]K9OHGD8U5M(27NM)
EC36A5C0,SLC-512,[1CE]K9F1208R0B
EC35A5BD,SLC-512,[1CE]K9F5608R0D
EC1AE57E,MLC-8K,[4CE]K9PHGY8S5M
C176C176,MLC-512,[1CE]HYF33DS512800ATC
C1662941,MLC-512,[1CE]HYF31DS512805BTC
ADF1801D,SLC-2K,[1CE]HY27UF081G2A(70NM)#[1CE]HY27UF081G2B(60NM)
ADF18015,SLC-2K,[1CE]HY27UF081G2M(90NM)
ADF1001D,SLC-2K,[1CE]H27U1G8F2BTR(48NM)
ADDE959A,MLC-8K,[2CE]H27UDG8V5ATR(32NM)#[4CE]H27UEG8YEA(32NM)
ADDE94D2,MLC-8K,[1CE]H27UCG8T2MYR(26NM)
ADDC8425,MLC-2K,[1CE]HY27UT084G2M(90NM)#[2CE]HY27UU088G5M(90NM)
ADDC8095,SLC-2K,[1CE]HY27UF084G2M(70NM)#[2CE]HY27UG088G5M(70NM)
ADDC8015,SLC-2K,[1CE]HY27UG084G2M(90NM)#[1CE]HY27UH084G2M(90NM)
ADDC14A5,MLC-2K,[1CE]HY27UT084G2A(57NM)
ADDC1095,SLC-2K,[1CE]HY27UF084G2B(57NM)#[2CE]HY27UG088G5B(57NM)
ADDA801D,SLC-2K,[1CE]HY27UF082G2A(70NM)
ADDA8015,SLC-2K,[1CE]HY27UG082G2M(90NM)#[1CE]HY27UF082G2M(90NM)
ADDA14A5,MLC-2K,[1CE]HY27UT082G2M(48NM)
ADDA1095,SLC-2K,[1CE]HY27UF082G2B(57NM)
ADD7983D,TLC-4K,[1CE]H27UBG8M2M
ADD79525,MLC-4K,[2CE]H27UCG8V5ATR(41NM)
ADD794DA,MLC-8K,[1CE]H27UBG8T2BTR(26NM)
ADD7949A,MLC-8K,[1CE]H27UBG8T2ATR(32NM)#[2CE]H27UCG8U5ATR(32NM)#[4CE]H27UDG8VFATR(32NM)
ADD79425,MLC-4K,[1CE]H27UBG8T2MYR(41NM)#[2CE]H27UCG8UDMYR(41NM)#[4CE]H27UDG8VEMYR(41NM)
ADD755B6,MLC-4K,[2CE]H27UCG8V5MTR(48NM)#[4CE]H27UDG8YFMXR(48NM)
ADD7188D,TLC-8K,[1CE]HY27UBG8M2A(32NM)
ADD71835,TLC-4K,[2CE]H2EUCG8N1MYR(48NM)#[4CE]H2EUDG8P1MXR(48NM)
ADD5949A,MLC-8K,[1CE]H27UAG8T2BTR(32NM)
ADD59425,MLC-4K,[1CE]H27UAG8T2ATR(41NM)
ADD555A5,MLC-2K,[1CE]HY27UU08AG2M(60NM)#[1CE]HY27UU08AG2A(57NM)#[2CE]HY27UV08BG5M(60NM)#[2CE]HY27UV08BG5A(57NM)#[4CE]HY27UW08CGFM(60NM)#[4CE]HY27UW08CGFA(57NM)
ADD551A6,SLC-4K,[2CE]H27UBG8H5M
ADD5182D,MLC-8K,[1CE]H27UAG8M2MYR(41NM)
ADD514B6,MLC-4K,[1CE]H27UAG8T2MTR(48NM)#[2CE]H27UBG8U5MTR(48NM)#[4CE]H27UCG8VFMTR(48NM)
ADD3C195,SLC-2K,[1CE]HY27UG088G2M(60NM)#[2CE]HY27UH08AG5M(60NM)
ADD38525,MLC-2K,[1CE]HY27UU088G2M(90NM)#[2CE]HY27UV08AG5M(90NM)#[4CE]HY27UW08BGFM(90NM)
ADD38015,SLC-2K,[1CE]HY27UH088G2M(70NM)
ADD35195,SLC-2K,[1CE]HY27UG088G2B(57NM)#[2CE]HY27UH08AG5B(57NM)#[4CE]HY27UK08BGFB(57NM)
ADD35095,SLC-2K,[1CE]HY27UG088G2B(57NM)
ADD314B6,MLC-4K,[1CE]H27U8G8T2BTR(48NM)
ADD314A5,MLC-2K,[1CE]HY27UT088G2M(60NM)#[1CE]HY27UT088G2A(57NM)#[2CE]HY27UU08AG5M(60NM)#[2CE]HY27UU08AG5A(57NM)#[4CE]HY27UV08BGFM(60NM)#[4CE]HY27UV08BGFA(57NM)
ADD310A6,SLC-2K,[1CE]H27U8G8F2MTR(48NM)
AD79AD79,SLC-2K,[1CE]HY27UA081G1B(70NM)
AD79A500,SLC-2K,[1CE]HY27UA081G1M(70NM)#[2CE]HY27UB082G4M(70NM)
AD78A500,SLC-512,[1CE]HY27SS081G1M#[1CE]HY27SS081G1A#[1CE]HY27SS081G1B
AD76AD76,SLC-512,[1CE]HY27US08121A(70NM)
AD75AD75,SLC-512,[1CE]HY27US08561B(90NM)
AD75A500,SLC-512,[1CE]HY27US08561M(90NM)#[1CE]HY27US08561A(90NM)
AD73AD73,SLC-512,[1CE]HY27US08281M(90NM)#[1CE]HY27US08281A(90NM)
98F19095,SLC-2K,[1CE]TC58NVG0S3BTG00(90NM)
98F18095,SLC-2K,[1CE]TC58NVG0S3AFT(130NM)#[1CE]TC58NVG0S3BFT(90NM)#[1CE]TC58DVM92A3TA00(130NM)
98F08095,SLC-512,[1CE]TC58NVM9S3CTA00(70NM)
98DEA882,TLC-8K,[1CE]TC58NVG6T7FLA19(32NM)
98DEA482,MLC-8K,[1CE]TC58NVG6D2HTA00(24NM)#[1CE]TC58TEG6D2HTA00(24NM)#[2CE]TH58NVG7D2HTA20(24NM)#[2CE]TH58TEG7D2HTA20(24NM)#[4CE]TH58TEG8D2HBA8C(24NM)
98DE9532,MLC-8K,[4CE]TH58NVG8D2ELA89(43NM)
98DE9482,MLC-8K,[1CE]TC58NVG6D2GTA00(24NM)#[2CE]TH58NVG7D2GTA20(24NM)
98DC94BA,MLC-4K,[1CE]TC58NVG2D1DTG00(56NM)
98DC84E5,MLC-2K,[1CE]TC58NVG2D9BFT00(90NM)
98DC84A5,MLC-2K,[1CE]TC58NVG2D4BFT00(90NM)
98DC8425,MLC-2K,[1CE]TC58NVG2DXB(90NM)
98DC8195,SLC-2K,[2CE]TH58NVG2S3B(90NM)
98DB9095,SLC-8K,[1CE]TC58NVG2S3ETA00(43NM)
98DAA5C0,MLC-512,[1CE]TC58DVG14B1FT00(130NM)
98DA9095,SLC-8K,[1CE]TC58NVG1S3ETA00(43NM)
98DA9015,MLC-2K,[1CE]TC58NVG1S3ETA00(43NM)
98DA84A5,MLC-2K,[1CE]TC58NVG1D4BTG00(90NM)
98DA8195,SLC-2K,[1CE]TC58NVG1S3BFT(90NM)#[2CE]TH58NVG1S3AFT(130NM)
98DA8095,MLC-512,[1CE]TC58DVG14B1FT00(130NM)
98D799B2,TLC-8K,[1CE]TC58NVG5T2ETA20(43NM)#[2CE]TH58NVG6T2ETA2A(43NM)
98D798B2,TLC-8K,[1CE]TC58NVG5T2ETA00(43NM)#[2CE]TH58NVG6T2ETA20(43NM)
98D79882,TLC-8K,[1CE]TC58NVG5T7FLA19(32NM)
98D795BA,MLC-4K,[2CE]TH58NVG6D1DTG20(56NM)
98D79532,MLC-8K,[1CE]TH58NVG5D2ETA00(43NM)#[2CE]TH58NVG6D2ETA20(43NM)
98D79432,MLC-8K,[1CE]TC58NVG5D2FTA00(32NM)#[1CE]TC58NVG5D2ELA48(43NM)#[1CE]TC58NVG5D2FTA10(32NM)#[2CE]TC58NVG6D2FTA20(43NM)#[4CE]TC58NVG7D2ELA48(43NM)
98D598B2,TLC-8K,[1CE]TH58NVG4T2ETA00(43NM)#[2CE]TH58NVG5T2ETA20(43NM)
98D59883,TLC-8K,[1CE]TH58NVG4T2DTG00(56NM)#[2CE]TH58NVG5T2DTG20(56NM)
98D59532,MLC-8K,[1CE]TC58NVG5D2ETG00(43NM)
98D594BA,MLC-4K,[1CE]TC58NVG4D1DTG00(56NM)#[2CE]TH58NVG5D1DTG20(56NM)#[4CE]TH58NVG6D1DTG80(56NM)
98D59432,MLC-8K,[1CE]TC58NVG4D2ETA00(43NM)#[2CE]TH58NVG5D2ETA20(43NM)
98D58882,TLC-8K,[1CE]TC58NVG4T2FTA00(32NM)
98D585A5,MLC-2K,[1CE]TH58NVG4D4CTG00(70NM)#[2CE]TH58NVG5D4CTG20(70NM)
98D394BA,MLC-4K,[1CE]TC58NVG3D1DTG00(56NM)
98D39432,MLC-8K,[1CE]TC58NVG3D2FTA00(32NM)
98D385A5,MLC-2K,[1CE]TH58NVG3D4BTG00(90NM)
98D384E5,MLC-2K,[1CE]TC58NVG3D9CTG00(70NM)
98D384BA,MLC-4K,[1CE]TC58NVG3D1DTG00(56NM)
98D384A5,MLC-2K,[1CE]TC58NVG3D4CTG10(70NM)
98D38432,MLC-8K,[1CE]TC58NVG3D2ETA00(43NM)
98D19095,SLC-8K,[1CE]TC58NVG0S3ETA00(43NM)
98D19015,MLC-2K,[1CE]TC58NVG0S3ETA00(43NM)
98979882,TLC-8K,[1CE]TC58NVG5T2FTA00(32NM)
9879A5C0,MLC-512,[1CE]TC58DVG04B1FT00(130NM)#[1CE]TC58DVG02A1FT(130NM)
9876A5C0,SLC-512,[1CE]TC58DVM92A1FT(130NM)#[1CE]TC58512AFT(130NM)
9875A5BA,SLC-512,[1CE]TC58DVM82A1FT(130NM)#[1CE]TC58256AFT(130NM)
9873A5BA,SLC-512,[1CE]TC58DVM72A1FT(130NM)#[1CE]TC58128AFT(130NM)
92DC0015,SLC-2K,[1CE]P1U4GA31DT(90NM)
89DC9095,SLC-2K,[1CE]JS29F04G08AANB1(72NM)#[2CE]JS29F08G08CANC1(50NM)
89D7D53E,MLC-4K,[2CE]JS29F64G08FAMC1(50NM)
89D7943E,MLC-4K,[1CE]JS29F32G08AAMD1(34NM)#[1CE]JS29F32G08AAMD2(34NM)#[2CE]JS29F64G08CAMD1(34NM)#[2CE]JS29F64G08CAMD2(34NM)#[4CE]JS29F16B08JAMD1(34NM)#[4CE]JS29F16B08JAMD2(34NM)
89D5D5A5,MLC-2K,[2CE]JS29F32G08FAMB1(72NM)#[2CE]JS29F32G08FAMB2(72NM)
89D5D12E,SLC-4K,[2CE]JS29F32G08FAMC1(50NM)#[2CE]JS29F32G08FANC1(50NM)
89D5943E,MLC-4K,[1CE]JS29F16G08AAMC1(50NM)#[2CE]JS29F32G08CAMC1(50NM)
89D3D195,SLC-2K,[1CE]JS29F08G08AANB1(72NM)
89D394A5,MLC-2K,[1CE]JS29F08G08AAMB1(72NM)#[1CE]JS29F08G08AAMB2(72NM)#[2CE]JS29F16G08CAMB2(72NM)
89D3942D,MLC-2K,[1CE]JS29F08G08AAMC1(50NM)
89D3902E,SLC-4K,[1CE]JS29F08G08AANC1(50NM)#[2CE]JS29F16G08CANC1(50NM)
89AA8015,SLC-2K,[1CE]JS29F2G08ABC(90NM)
898880AE,SLC-4K,[4CE]I29F64G08JAND2(34NM)
8988285F,TLC-8K,[1CE]JS29F64G08AATE1(25NM)
8988244B,MLC-8K,[1CE]JS29F64G08AAME1(25NM)#[2CE]JS29F16B08CAME1(25NM)#[4CE]JS29F32B08JAME1(25NM)
8988044B,MLC-8K,[1CE]JS29F64G08AAME1(25NM)#[2CE]JS29F16B08CAME1(25NM)#[4CE]JS29F32B08JAME1(25NM)
896880AE,SLC-4K,[2CE]I29F32G08CAND2(34NM)
8968244A,MLC-4K,[1CE]JS29F32G08AAME1(25NM)
89682446,MLC-4K,[1CE]JS29F32G08AAMDB(34NM)
89680446,MLC-4K,[1CE]JS29F32G08AAMDA(34NM)#[2CE]JS29F64G08CAMDB(34NM)#[4CE]JS29F16B08JAMDB(34NM)
896801A6,SLC-4K,[2CE]I29F64G08AJABA(34NM)
894880AE,SLC-4K,[1CE]I29F16G08AAND2(34NM)
8948244A,MLC-4K,[1CE]JS29F16G08AAME1(25NM)
89482026,SLC-4K,[1CE]JS29F16G08AAND2(34NM)#[2CE]JS29F32G08CAND2(34NM)#[4CE]JS29F64G08JCND1(34NM)
8948044A,MLC-4K,[1CE]JS29F16G08AAME1(25NM)
89480446,MLC-4K,[1CE]I29F16G08ACMD1(34NM)
89480026,SLC-4K,[1CE]I29F16G08ABABA(34NM)
89380026,MLC-4K,[1CE]JS29F08G08AAMB2(72NM)
89280026,SLC-4K,[1CE]I29F8G08ABABA(34NM)
50504E01,MLC-8K,[2CE]H2DTEG8V01MYR(26NM)#[2CE]H2DTDG8V01MYR(26NM)
45DEA882,TLC-8K,[1CE]SDTNNNAHEM-008G(32NM)
45DE9532,MLC-8K,[4CE]SDZNNMDHER-032G(32NM)
45DE9482,MLC-8K,[1CE]SDTNPQAHEM-008G(24NM)#[1CE]SDTNOQAHER-008G(24NM)
45D798B2,TLC-8K,[1CE]SDTNNNAHEM-004G(32NM)
45D79432,MLC-8K,[1CE]SDTNNMAHEM-004G(32NM)
45D58882,TLC-8K,[1CE]SDTNNMAHSM-002G(32NM)
45CEA882,TLC-8K,[1CE]SDTNNNAHSM-008G(32NM)
45CE99B2,TLC-8K,[1CE]SDTNMNBHSM-008G(43NM)
45CE9532,MLC-8K,[4CE]SDZNNMDHER-032G(32NM)
45C798B2,TLC-8K,[1CE]SDTNMMBHSM-004G(32NM)#[1CE]SDTNMNAHEM-004G(43NM)#[1CE]SDTNMNAHSM-004G(43NM)
45C79882,TLC-8K,[1CE]SDTNNNAHSM-004G(32NM)
45C795FA,MLC-4K,[1CE]SDTNLLSHSM-4096(56NM)
45C598B2,TLC-8K,[1CE]SDTNMNAHEM-002G(43NM)#[1CE]SDTNMNAHSM-002G(43NM)
45C59883,MLC-4K,[1CE]SDTNLMAHSM-2048(56NM)
45689532,MLC-8K,[4CE]SDZNNMDHER-032G(32NM)
454C9BB2,TLC-8K,[1CE]SDTNNNDHEM-032G(D3)
454A9AB2,TLC-8K,[1CE]SDTNMNCHSM-016G(43NM)
2CDC9095,SLC-2K,[1CE]MT29F4G08AAA(72NM)#[1CE]MT29F4G08AAC(72NM)#[2CE]MT29F8G08DAA(72NM)
2CDC8425,MLC-2K,[1CE]MT29F4G08MAA(72NM)
2CDC8015,SLC-2K,[1CE]MT29F4G08BAB(72NM)#[1CE]MT29F4G08BAC(72NM)#[2CE]MT29F8G08FAB(72NM)#[2CE]MT29F8G08FAC(72NM)
2CDA9095,SLC-2K,[1CE]MT29F2G08AAA(90NM)
2CDA8095,SLC-2K,[1CE]MT29F2G08AAD(50NM)
2CDA8015,SLC-2K,[1CE]MT29F2G08AAB(90NM)#[1CE]MT29F2G08AAC(72NM)
2CD9D53E,MLC-4K,[2CE]MT29F128G08CJAAA(34NM)#[2CE]MT29F128G08TAA(34NM)
2CD7D53E,MLC-4K,[2CE]MT29F64G08TAA(50NM)
2CD7943E,MLC-4K,[1CE]MT29F32G08CBAAA(34NM)#[1CE]MT29F32G08MAA(34NM)#[2CE]MT29F64G08CFAAA(34NM)#[2CE]MT29F64G08QAA(34NM)
2CD5D12E,SLC-4K,[2CE]MT29F32G08FAA(50NM)
2CD595A5,MLC-2K,[2CE]MT29F32G08TAA(72NM)
2CD5943E,MLC-4K,[1CE]MT29F16G08MAA#[2CE]MT29F32G08QAA
2CD3D195,SLC-2K,[1CE]MT29F8G08BAA(72NM)#[2CE]MT29F16G08FAA(72NM)
2CD394A5,MLC-2K,[1CE]MT29F8G08MAA(72NM)#[2CE]MT29F16G08QAA(72NM)
2CD3942D,MLC-2K,[1CE]MT29F8G08MAD(50NM)
2CD3902E,SLC-4K,[1CE]MT29F8G08AAA(50NM)#[2CE]MT29F16G08DAA(50NM)
2CD18095,SLC-2K,[1CE]MT29F1G08AAC(72NM)
2CCC90D5,SLC-2K,[1CE]MT29F4G16AAC(90NM)
2CCC8055,SLC-2K,[1CE]MT29F4G16BAB(90NM)#[1CE]MT29F4G16BAC(90NM)
2CCA8055,SLC-2K,[1CE]MT29F2G16AAB(90NM)#[1CE]MT29F2G16AAC(90NM)
2CC39465,SLC-2K,[1CE]MT29F8G16MAA(90NM)
2CBC9055,SLC-2K,[1CE]MT29F4G16ABC(72NM)
2CBA8055,SLC-2K,[1CE]MT29F2G16ABA(90NM)
2CB180D5,SLC-2K,[1CE]MT29F1G16ABB
2CAC9015,SLC-2K,[1CE]MT29F4G08ABC
2CAC8015,SLC-2K,[1CE]MT29F4G08BBC
2CAA8015,SLC-2K,[1CE]MT29F2G08ABD(90NM)
2CA825CB,MLC-8K,[2CE]MT29F256G08CJAAA(25NM)
2CA805CB,MLC-8K,[4CE]MT29F256G08CJAAA(25NM)
2CA18095,SLC-2K,[1CE]MT29F1G08ABB
2C88285F,TLC-8K,[1CE]MT29F64G08EBAAA(25NM)
2C8824CB,MLC-8K,[1CE]MT29F64G08
2C88244B,MLC-8K,[1CE]MT29F64G08
2C88085F,TLC-8K,[1CE]MT29F64G08EBAAA(25NM)#[2CE]MT29F128G08EFAAA(25NM)
2C8805C6,MLC-4K,[2CE]MT29F128G08CJABA(34NM)
2C88044B,MLC-8K,[1CE]MT29F64G08CBAAA(25NM)#[2CE]MT29F128G08CFAAA(25NM)
2C8801A7,SLC-8K,[2CE]MT29F128G08AJAAA(25NM)
2C682446,MLC-4K,[1CE]MT29F32G08CBABA(34NM)
2C680856,TLC-4K,[1CE]MT29F32G08EBAAA(34NM)
2C68044A,MLC-4K,[1CE]MT29F32G08CBACA(25NM)#[2CE]MT29F64G08CFACA(25NM)
2C680446,MLC-4K,[1CE]MT29F32G08CBABA(34NM)#[2CE]MT29F64G08CFABA(34NM)
2C6801A6,SLC-4K,[2CE]MT29F64G08AJABA(34NM)
2C68002B,SLC-8K,[1CE]MT29F32G08ABAAA(25NM)
2C680027,SLC-8K,[1CE]MT29F32G08ABAAA(25NM)
2C64444B,MLC-8K,[1CE]MT29F64G08CBABA(20NM)#[2CE]MT29F128G08CFABA(20NM)#[4CE]MT29F256G08CMCBA(20NM)
2C482026,SLC-4K,[1CE]MT29F16G08AFABA
2C48044A,MLC-4K,[1CE]MT29F16G08CBACA(25NM)#[2CE]MT29F32G08CFACA(25NM)
2C480446,MLC-4K,[1CE]MT29F16G08CBABA(34NM)
2C480026,SLC-4K,[1CE]MT29F16G08ABABA(34NM)#[2CE]MT29F32G08AFABA(34NM)
2C380026,MLC-4K,[1CE]MT29F8G08ACAH1
2C280026,SLC-4K,[1CE]MT29F8G08ABABA(34NM)
20F1801D,SLC-2K,[1CE]NAND01GW3B2B(90NM)
20F18015,SLC-2K,[1CE]NAND01GW3B2A(90NM)
20F1001D,SLC-2K,[1CE]NAND01GW3B2C
20DC8425,MLC-2K,[1CE]NAND04GW3C2AN6(60NM)
20DC8095,SLC-2K,[1CE]NAND04GW3B2B(70NM)
20DC14A5,MLC-2K,[1CE]NAND04GW3C2BN6(60NM)
20DC1095,SLC-2K,[1CE]NAND04GW3B2DN6(60NM)
20DA801D,SLC-2K,[1CE]NAND02GW3B2C(70NM)
20DA8015,SLC-2K,[1CE]NAND02GW3B2A(90NM)
20DA1095,SLC-2K,[1CE]NAND02GW3B2DN6(60NM)
20D755B6,MLC-4K,[2CE]NAND64GW3D4A
20D551A6,SLC-4K,[1CE]NAND16GW3F2AN6
20D514B6,MLC-4K,[1CE]NAND16GW3D2AN6(48NM)
20D3C195,SLC-2K,[1CE]NAND08GW3B2A(70NM)
20D3C195,SLC-2K,[1CE]NAND08GW3B2A(70NM)
20D38525,MLC-2K,[1CE]NAND08GW3C2A(60NM)
20D35195,SLC-2K,[1CE]NAND08GW3B2C(70NM)
20D314B6,MLC-4K,[1CE]NAND08GW3D2A
20D314A5,MLC-2K,[1CE]NAND08GW3C2BN1(57NM)#[2CE]NAND16GW3C4BN6(57NM)
20D310A6,SLC-4K,[1CE]NAND08GW3F2A(48NM)
2079A500,SLC-2K,[1CE]NAND01GW3A0A(90NM)
2076A500,SLC-512,[1CE]NAND512W3A2B(90NM)#[1CE]NAND512W3A2C(90NM)
20762076,SLC-512,[1CE]NAND512W3A0AN6(90NM)
20752075,SLC-512,[1CE]NAND256W3A0AN6(90NM)
20732073,SLC-512,[1CE]NAND128W3A2A(90NM)
2035A500,SLC-512,[1CE]NAND256W3A2AN6(90NM)
07290729,MLC-2K,[1CE]R1FV04G13RSA(90NM)#[1CE]P1U4GR30CT(90NM)
07010701,MLC-2K,[1CE]HN29V1G91T(90NM)
01290495,MLC-2K,[1CE]S19MN256GP30TF(90NM)
01280495,MLC-2K,[1CE]S19MN512GP30TF(90NM)
01270495,MLC-2K,[1CE]S19MN01GP30TF(90NM)
01260495,MLC-2K,[1CE]S19MN02GP30TF(90NM)
98DE9483,MLC-16K,[2CE]TH58TEG7DBHBA4C(24NM)#[4CE]TH58TEG8DBHBA8C(24NM)
98DE9493,MLC-16K,[1CE]TC58NVG6DDJTA00(19NM)#[2CE]TH58NVG7DDJTA20(19NM)#[2CE]TH58TEG7CDJBA4C(19NM)#[4CE]TH58TEG8CDJBA8C(19NM)
ECA18015,SLC-2K,[1CE]K9F1G08R0M
ECB18055,SLC-2K,[1CE]K9F1G16Q0M(16bit)
ECA10015,SLC-2K,[1CE]K9F1G08R0A
ECAAC115,SLC-2K,[1CE]K9K2G08Q0M
ECBAC155,SLC-2K,[1CE]K9K2G16Q0M(16bit)
ECCAC155,SLC-2K,[1CE]K9K2G16U0M(16bit)#[2CE]K9W4G16U1M(16bit)
ECBA0055,SLC-2K,[1CE]K9F2G16Q0M(16bit)
ECAC4115,SLC-2K,[1CE]K9K4G08U0M
ECAC0115,SLC-2K,[1CE]K9K4G08U0M
ECB10055,SLC-2K,[1CE]K9F1G16Q0B(16bit)
ECDA1015,SLC-2K,[1CE]K9F2G08U0A
ECAA0015,SLC-2K,[1CE]K9F2G08R0A
ECBC0155,SLC-2K,[1CE]K9F4G08Q0M(16bit)
ECAC0015,SLC-2K,[1CE]K9F4G08Q0M
ECBC0055,SLC-2K,[1CE]K9F4G08Q0M(16bit)
ECBC0066,SLC-2K,[1CE]K9F4G08Q0M(16bit)
ECB30155,SLC-2K,[1CE]K9K8G08U0M/A/B(16bit)
ECD31195,SLC-2K,[1CE]K9K8G08U0D#[2CE]K9WAG08U1D
ECB30166,SLC-4K,[1CE]KBY00U00VM-1GB(16bit)
ECDED57E,MLC-8K,[1CE]K9LCG08U0B#[8CE]K9UHGY8U7B#[1CE]K9LCGD8U0B
ECDED9CA,TLC-8K,[2CE]K9CDG08U1A
ECD998CA,TLC-8K,[1CE]K9ACG08U0M#[2CE]K9BDG08U1M#[4CE]K9CEG08U5M
ECDE98CA,TLC-8K,[1CE]K9ACG08U0M
ECA399CE,TLC-8K,[1CE]K9ACG08U0M
ECD598CE,TLC-8K,[1CE]K9AAGD8U0A
ECA598CE,TLC-8K,[1CE]K9AAGD8S0A
ECA798CE,TLC-8K,[1CE]K9ABGD8S0C
ECAE98CE,TLC-8K,[1CE]K9ACGD8S0A
ECD598DE,TLC-8K,[1CE]K9AAGD8U0B#[2CE]K9BBGD8U1B#[4CE]K9CCGD8U5B
ECD798DE,TLC-8K,[1CE]K9ABGD8U0D#[2CE]K9BCGD8U1D#[4CE]K9CDGD8U5D
ECDE98DE,TLC-8K,[1CE]K9ACGD8U0B#[2CE]K9BDGD8U1B#[4CE]K9CFGD8U5B
EC3AD9DE,TLC-8K,[1CE]K9BDGD8U0B#[2CE]K9CFGD8U1B
EC1AA8DE,TLC-8K,[1CE]K9ADGD8U0M#[2CE]K9BFGD8U1M#[4CE]K9CHGD8U5M#[4CE]K9CHGY8S5M
EC3CE9DE,TLC-8K,[2CE]K9CHGD8U1M
ECDEE47E,MLC-8K,[1CE]K9GCGD8U0M
ECAEE47E,MLC-8K,[1CE]K9GCGD8S0M
EC3AE57A,MLC-8K,[4CE]K9PHGY8U5A
ECAEA47A,MLC-8K,[1CE]K9GCGD8S0A#[2CE]K9LDGD8S1A#[4CE]K9HFGD8S5A
EC1AE57A,MLC-8K,[4CE]K9PHGY8S5A
ECDEA432,MLC-8K,[1CE]K9GCGD8U0C#[4CE]K9PHGY8S7C
B5A18015,SLC-2K,[1CE]FNNM58A1GK1BAA
B5F18095,SLC-2K,[1CE]FNNM58A1GK3BAA
B5B18055,SLC-2K,[1CE]FNNM58A1GL1BAA(16bit)
2CA18015,SLC-2K,[1CE]MT29F1G08ABC
2CB18055,SLC-2K,[1CE]MT29F1G16ABC(16bit)
2CC180D5,SLC-2K,[1CE]MT29F1G16AAC(16bit)
2CF18095,SLC-2K,[1CE]MT29F1G08AAC
2CCA90D5,SLC-2K,[1CE]MT29F2G16AAA(16bit)#[1CE]MT29F2G16ABAEA(16bit)
2CBC8055,SLC-2K,[1CE]MT29F4G16BBC(16bit)
2CCA80D5,SLC-2K,[1CE]MT29F2G16AAD(16bit)
2CDA0095,SLC-2K,[1CE]MT29F2G08AAD
2CC3D155,SLC-2K,[1CE]MT29F8G16BAA(16bit)#[2CE]MT29F16G16FAA(16bit)
2CBC0055,SLC-2K,[1CE]MT29F4G16ABBDA(16bit)
2CA3D115,SLC-2K,[1CE]MT29F8G08ADBDAH4
2CB3D155,SLC-2K,[1CE]MT29F8G16ADBDAH4(16bit)
2CC3D1D5,SLC-2K,[1CE]MT29F8G16ADADAH4(16bit)
2CC3D112,SLC-2K,[1CE]MT29F8G16ADADAH4(16bit)
2CAA9015,SLC-2K,[1CE]MT29F2G08ABBEA
2CBA9055,SLC-2K,[1CE]MT29F2G16ABBEA(16bit)
2C382026,SLC-4K,[1CE]MT29H8G08ACAH1#[2CE]MT29H16G08ECAH1
2C4801A6,SLC-4K,[2CE]MT29H32G08GCAH2
2C4821A6,SLC-4K,[2CE]MT29H32G08GCAH2
2C282026,SLC-4K,[1CE]MT29F8G08ABABA
2C6821A6,SLC-4K,[2CE]MT29F64G08AJABA
2CAC9026,SLC-4K,[1CE]MT29F4G08ABBEA
2CBC9066,SLC-4K,[1CE]MT29F4G16ABBEA(16bit)
2CDC90A6,SLC-4K,[1CE]MT29F4G08ABAEA
2CCC90E6,SLC-4K,[1CE]MT29F4G16ABAEA(16bit)
2CA39026,SLC-4K,[1CE]MT29F8G08ABBCA
2CB39066,SLC-4K,[1CE]MT29F8G16ABBCA(16bit)
2CD390A6,SLC-4K,[1CE]MT29F8G08ABACA
2CC390E6,SLC-4K,[1CE]MT29F8G16ABACA(16bit)
2CA5D126,SLC-4K,[1CE]MT29F16G08ADBCA
2CB5D166,SLC-4K,[1CE]MT29F16G16ADBCA(16bit)
2CD5D1A6,SLC-4K,[1CE]MT29F16G08ADACA
2CC5D1E6,SLC-4K,[1CE]MT29F16G16ADACA(16bit)
2C682027,SLC-8K,[1CE]MT29F32G08ABAAA#[2CE]MT29F64G08AFAAA
2C8821A7,SLC-8K,[2CE]MT29F128G08AJAAA
2C8801AB,SLC-8K,[2CE]MT29F128G08AJAAA
2C44204B,SLC-8K,[1CE]MT29F32G08ABABA#[2CE]MT29F64G08AFABA#[4CE]MT29F128G08AMCBB
2C64A14B,SLC-8K,[2CE]MT29F128G08AJABA#[4CE]MT29F256G08AUCBB
2CD38525,MLC-2K,[2CE]MT29F16G08TAA
2CD384A5,MLC-2K,[1CE]MT29F8G08MAA(S)
2CD5D5A5,MLC-2K,[2CE]MT29F32G08TAA
2CA39425,MLC-2K,[1CE]MT29F8G08MBD
2C6805C6,MLC-4K,[4CE]MT29F128G08CJABA
2C8825C6,MLC-4K,[1CE]MT29F64G08CFABA#[2CE]MT29F128G08CJABA
2C8805CA,MLC-4K,[2CE]MT29F128G08CJABA#[4CE]MT29F256G08CUCCB
2C48244A,MLC-4K,[1CE]MT29F16G08CBACA#[2CE]MT29F32G08CFACA
2C68244A,MLC-4K,[1CE]MT29F32G08CBACA#[2CE]MT29F64G08CFACA#[4CE]MT29F128G08CMACA
2C8825CA,MLC-4K,[4CE]MT29F256G08CUCCB
2C8809D6,TLC-4K,[2CE]MT29F128G08EJAAA
2C78044F,MLC-8K,[1CE]MT29F42G08CBCAB#[2CE]MT29F84G08CECAB
2C78054F,MLC-8K,[2CE]MT29F168G08CKCAB
2C9805CF,MLC-8K,[2CE]MT29F168G08CKCAB#[4CE]MT29F336G08CUCAB
2CA8054B,MLC-8K,[2CE]MT29F256G08CJAAA#[4CE]MT29F512G08CUAAA
2C44444B,MLC-8K,[1CE]MT29F32G08CBADA#[2CE]MT29F64G08CFADA#[4CE]MT29F128G08CMCDB
2C64C54B,MLC-8K,[4CE]MT29F256G08CUCDB
2C84C54B,MLC-8K,[2CE]MT29F256G08CJABA
2C84643B,MLC-8K,[1CE]FNNL85A71M3BAB#[2CE]FNNL85A81M3EAB#[4CE]FNNL85A91M3MAB
2CA4E53B,MLC-8K,[2CE]FNNL85A91M3KAB#[4CE]FNNL85AA1M3UAB
2C64643C,MLC-16K,[1CE]MT29F64G08CBCDB#[2CE]MT29F128G08CECDB#[4CE]MT29F256G08CMCDB#[1CE]MT29F64G08CBCDB-1#[1CE]FNNL84B61K3BAB#[2CE]FNNL84B71K3EAB#[4CE]FNNL84B81K3MAB
2C846434,MLC-16K,[1CE]MT29F128G08CBCAB#[2CE]MT29F256G08CECAB#[4CE]MT29F512G08CMCAB
2C84643C,MLC-16K,[1CE]MT29F128G08CBCAB#[1CE]MT29F128G08CBEBB#[2CE]MT29F256G08CECAB#[2CE]MT29F256G08CEEBB#[4CE]MT29F512G08CMCAB#[4CE]MT29F512G08CMEBB
2CA4E534,MLC-16K,[2CE]MT29F512G08CKCAB
2CA4E53C,MLC-16K,[2CE]MT29F512G08CKCAB#[2CE]MT29F512G08CKEBB#[4CE]MT29F1T08CUEBB
2C84E53C,MLC-16K,[2CE]MT29F256G08CKCDB#[2CE]FNNL84B81K3KAB#[4CE]MT29F512G08CUCDB#[4CE]FNNL84B91K3UAB
2C846454,MLC-16K,[1CE]MT29F128G08CBCCB#[2CE]MT29F256G08CECCB#[4CE]MT29F512G08CMCCB
2CA4E554,MLC-16K,[2CE]MT29F512G08CKCCB
2CA809DF,TLC-8K,[2CE]MT29F256G08EJAAA
894821A6,SLC-4K,[2CE]JS29F32G16NCND1
894801A6,SLC-4K,[2CE]JS29F32G16NCND1#[1CE]JS29F32G16NCND1(D)
89282026,SLC-4K,[1CE]JS29F08G08AAND1/2
896821A6,SLC-4K,[4CE]JS29F16B08HCND1
89682027,SLC-8K,[1CE]JS29F32G08AANE1#[2CE]JS29F64G08CANE1#[4CE]JS29F16B08JCNE1
89D9D53E,MLC-4K,[2CE]JS29F16B08FAMD1
898805C6,MLC-4K,[4CE]JS29F32B08HAMDA/B#[2CE]JS29F16B08JAMDA/B(2CE)
8968044A,MLC-4K,[1CE]JS29F32G08AAME1#[2CE]JS29F64G08CAME1#[4CE]JS29F16B08AAME1
898824CB,MLC-8K,[1CE]JS29F64G08AAME1#[2CE]JS29F16B08CAME1#[4CE]JS29F32B08JAME1(4CE)
89A825CB,MLC-8K,[2CE]JS29F32B08JAME1#[4CE]JS29F64B08HAME1#[4CE]JS29F64B08HAMF1
89A805CB,MLC-8K,[4CE]JS29F64B08HAME1
89C826CB,MLC-8K,[2CE]JS29F64B08HAME1(2CE)
8988243B,MLC-8K,[1CE]JS29F64G08ACME1#[2CE]JS29F16B08CCME1#[4CE]JS29F32B08JCME1
8964444B,MLC-8K,[1CE]JS29F64G08AAMF1#[2CE]JS29F16B08CAMF1#[4CE]JS29F32B08JAMF1
8984643C,MLC-16K,[1CE]PF29F16B08LCMF1/2/3/S#[2CE]PF29F32B08MCMF1/2/3/S#[4CE]PF29F64B08NCMF1/2/3/S#[8CE]PF29F01T08OCMF1/2/3/S#[1CE]PF29F16B08LCMFS#[2CE]PF29F32B08MCMFS#[4CE]PF29F64B08NCMFS
89A4E53C,MLC-16K,[2CE]PF29F64B08NCMF1/2/3(2CE)#[4CE]PF29F01T08OCMF1/2/3(4CE)
8964643C,MLC-16K,[1CE]PF29F64G08LCMFH#[2CE]PF29F16B08MCMFH#[4CE]PF29F32B08NCMFH#[1CE]PF29F64G08LCMFS#[2CE]PF29F16B08MCMFS#[4CE]PF29F32B08NCMFS
8988085F,TLC-8K,[1CE]JS29F64G08AATE1#[2CE]JS29F16B08CATE1#[4CE]JS29F32B08JATE1
07200720,SLC-2K,[1CE]R1FV02G13RSA
7F76A5C0,SLC-512,[1CE]PF79AL1208
BF76A5C0,SLC-512,[1CE]PF79BL1208
92DA0015,SLC-2K,[1CE]ASU2GA30GT
92DB0015,SLC-2K,[1CE]ASU2GA30GT
92F18095,SLC-2K,[1CE]ASU1GA30HT
92C180D5,SLC-2K,[1CE]ASU1GA40HT(16bit)
C8A18015,SLC-2K,[1CE]PSR1GA30AT
C8B18055,SLC-2K,[1CE]PSR1GA40AT(16bit)
C8DA9095,SLC-2K,[1CE]PSU2GA30BT
C8DC9095,SLC-2K,[1CE]PSU4GA30AT
C8CC90D5,SLC-2K,[1CE]PSU4GA40AT(16bit)
C8BC9055,SLC-2K,[1CE]PSR4GA40AT(16bit)
C8AC9015,SLC-2K,[1CE]PSR4GA30AT
92DC0425,MLC-2K,[1CE]A1U4GA30GT
92D30425,MLC-2K,[1CE]A1U8GA30GT
C8D51429,MLC-4K,[1CE]P1UAGA30AT
C8D59429,MLC-4K,[1CE]P1UAGA30AT
AD71A500,SLC-512,[1CE]HY27US082G1B
AD31A500,SLC-512,[1CE]HY27US082G1B
ADA10015,SLC-2K,[1CE]H27S1G8F2B
ADA18015,SLC-2K,[1CE]HY27SF081G2A
ADB18055,SLC-2K,[1CE]HY27SF161G2M(16bit)
ADB10055,SLC-2K,[1CE]HY27SF161G2M(16bit)
ADAA1015,SLC-2K,[1CE]HY27SF082G2M#[1CE]HY27SF082G2B
ADAA9015,SLC-2K,[1CE]H9DA2GG51HMMBR
ADBC5155,SLC-2K,[1CE]H8KFS0UY0MER(16bit)#[1CE]HY27SF164G2B(16bit)
ADAA8015,SLC-2K,[1CE]HY27SF082G2M
ADCA8055,SLC-2K,[1CE]HY27UF162G2M(16bit)
ADBA8055,SLC-2K,[1CE]HY27SF162G2M(16bit)#[1CE]HY27SF082G2A(16bit)
ADBA9055,SLC-2K,[1CE]HY27SF162G2M(16bit)#[1CE]H27S2G6F2C(16bit)
ADAC8015,SLC-2K,[1CE]HY27SG084G2M
ADCC8055,SLC-2K,[1CE]HY27UG164G2M(16bit)
ADBC8055,SLC-2K,[1CE]HY27SG164G2M(16bit)
ADCA805D,SLC-2K,[1CE]HY27UF162G2A(16bit)
ADBA1055,SLC-2K,[1CE]HY27SF162G2B(16bit)
ADCC10D5,SLC-2K,[1CE]HY27UF164G2B(16bit)
ADAC1015,SLC-2K,[1CE]HY27SF084G2B
ADBC1055,SLC-2K,[1CE]HY27SF164G2B(16bit)
ADB35155,SLC-2K,[1CE]HY27SG088G2B(16bit)
ADB3D155,SLC-2K,[1CE]HY27SG088G2B(16bit)#[1CE]H27S8G6G2D(16bit)
ADD59015,SLC-4K,[1CE]H27UAG8F2M
ADBC9055,SLC-2K,[1CE]H9DP4GG4JJACGR(16BIT)#[1CE]H27S4G6F2D(16BIT)#[1CE]H27S4G6F2E(16BIT)
ADBC9011,SLC-4K,[1CE]H9DA4VH4JJMMCR(16bit)
ADB39111,SLC-4K,[1CE]H9DA8WH4JJMMCR(16bit)
ADDC9095,SLC-2K,[1CE]H27U4G8F2D#[1CE]H27U4G8F2E
ADCC90D5,SLC-2K,[1CE]H27U4G6F2D(16BIT)#[1CE]H27U4G6F2E(16BIT)
ADAC9015,SLC-2K,[1CE]H27S4G8F2D#[1CE]H27S4G8F2E
ADD3D195,SLC-2K,[1CE]H27U8G8G2D#[1CE]H27U8G8G2E
ADC3D1D5,SLC-2K,[1CE]H27U8G6G2D(16BIT)#[1CE]H27U8G6G2E(16BIT)
ADA3D115,SLC-2K,[1CE]H27S8G8G2D#[1CE]H27S8G8G2E
ADD5D295,SLC-2K,[1CE]H27UAG8H2D#[1CE]H27UAG8H2E
ADC5D2D5,SLC-2K,[1CE]H27UAG6H2D(16BIT)#[1CE]H27UAG6H2E(16BIT)
ADA5D215,SLC-2K,[1CE]H27SAG8H2D#[1CE]H27SAG8H2E
ADB5D255,SLC-2K,[1CE]H27SAG6H2D(16BIT)#[1CE]H27SAG6H2E(16BIT)
ADE59029,SLC-4K,[2CE]H27QBG8GA1R#[4CE]H27QCG8HEA
ADDA9095,SLC-2K,[1CE]H27U2G8F2C
ADCA90D5,SLC-2K,[1CE]H27U2G6F2C(16bit)
ADAA90D5,SLC-2K,[1CE]H27S2G8F2C
ADDC8016,SLC-4K,[1CE]H9DA4VH2GJAMCR
ADCC8016,SLC-4K,[1CE]H9DA4VH2GJAMCR(16bit)
ADAC8016,SLC-4K,[1CE]H9DA4VH2GJAMCR
ADBC8016,SLC-4K,[1CE]H9DA4VH2GJAMCR(16bit)
ADD7D525,MLC-4K,[2CE]H27UCG8V5A
ADD7192D,TLC-4K,[1CE]H27UBG8M5MYR
ADE794DA,MLC-8K,[2CE]H27QCG8UDBIR#[4CE]H27QDG8VEBIR
ADEE95DA,MLC-8K,[4CE]H27QEG8YEBJR
ADD594DA,MLC-8K,[1CE]H27UAG8T2CTR
ADDE94DA,MLC-8K,[1CE]H27UCG8T2ATR
ADD79491,MLC-8K,[1CE]H27UBG8T2CTR
ADDE94EB,MLC-16K,[1CE]H27UCG8T2BLR#[1CE]H27UCG8T2BYR#[2CE]H27QDGDUDBLR#[4CE]H27QEGDVEBLR
AD3A95EB,MLC-16K,[4CE]H27QFGDYEBOR
ADDE9497,MLC-16K,[1CE]H27UCG8T2DLR#[1CE]H27UCG8T2DTR
ADDE14A7,MLC-16K,[1CE]H27UCG8T2EYR#[1CE]H27UCG8T2ETR-BCC
20F20015,SLC-2K,[1CE]NAND512GW3B
20A18015,SLC-2K,[1CE]NAND01GR3B2B
20B18055,SLC-2K,[1CE]NAND01GR4B2B(16bit)
20C18055,SLC-2K,[1CE]NAND01GW4B2B(16bit)
20A10015,SLC-2K,[1CE]NAND01GR3B2C
20B10055,SLC-2K,[1CE]NAND01GR4B2C(16bit)
20C10055,SLC-2K,[1CE]NAND01GW4B2C(16bit)
20AA8015,SLC-2K,[1CE]NAND02GR3B2C
20BA8055,SLC-2K,[1CE]NAND02GR4B2C(16bit)
20CA805D,SLC-2K,[1CE]NAND02GW4B2C(16bit)
20AA1015,SLC-2K,[1CE]NAND02GR3B2D
20BA1055,SLC-2K,[1CE]NAND02GR4B2D(16bit)
20CA10D5,SLC-2K,[1CE]NAND02GW4B2D(16bit)
20D38195,SLC-2K,[1CE]NAND08GW3B2A
20AC1015,SLC-2K,[1CE]NAND04GR3B2D#[2CE]NAND08GR3B4C
20BC1055,SLC-2K,[1CE]NAND04GR4B2D(16bit)
20CC10D5,SLC-2K,[1CE]NAND04GW4B2D(16bit)
20BC9055,SLC-2K,[1CE]NAND04GR4B2D(16bit)
20BC9095,SLC-2K,[1CE]NAND04GR3B2D
20CC90D5,SLC-2K,[1CE]NAND04GW4B2D(16bit)
20DC9095,SLC-2K,[1CE]NAND04GW3B2D
20A35115,SLC-2K,[1CE]NAND08GR3B2C
20B35155,SLC-2K,[1CE]NAND08GR4B2C(16bit)
20C351D5,SLC-2K,[1CE]NAND08GW4B2C(16bit)
20BC8455,SLC-2K,[1CE]NAND04GR4C2A(16bit)
20DC8625,MLC-2K,[1CE]NAND16GW3C2A
20D555A5,MLC-2K,[1CE]NAND16GW3C2A
20DA14A5,MLC-2K,[1CE]NAND02GW3C2C
20D59425,MLC-4K,[1CE]NAND16GW3D2B
9836A5C0,SLC-512,[1CE]TC58DVM92A1FT00
9846A5C0,SLC-512,[1CE]TC58DVM92A1FT00(16bit)
9872A5C0,SLC-512,[1CE]TC58DVG02A1FT00(16bit)
9874A5C0,SLC-512,[1CE]TC58DVG02A1FT00(16bit)
9841A5C0,SLC-512,[1CE]TC58DVG12A1TG00(16bit)
9851A5C0,SLC-512,[1CE]TC58DVG12A1TG00(16bit)
9831A5C0,SLC-512,[1CE]TC58DVG12A1TG00(16bit)
98F08495,SLC-2K,[1CE]TC58NVM9S8BTG00
98C080D5,SLC-2K,[1CE]TC58NVM9S8CTG00(16bit)
98C00055,SLC-2K,[1CE]TC58NVM9S8CTG00(16bit)
98D00015,SLC-2K,[1CE]TC58NVM9S8CTG00
98F18195,SLC-2K,[1CE]TC58NVG0S3BTGI0
98DA0015,SLC-2K,[1CE]TC58NVG1S3BFT00
98CA9095,SLC-2K,[1CE]TC58NVG1S3BFT00
98DA80D5,SLC-2K,[1CE]TC58NVG1S8BFT00(16bit)
98DA0055,SLC-2K,[1CE]TC58NVG1S8BFT00(16bit)
98CA90D5,SLC-2K,[1CE]TC58NVG1S8BFT00(16bit)
98BA90D5,SLC-2K,[1CE]TC58NVG1S8BFT00(16bit)
98CC91D5,SLC-2K,[1CE]TH58NVG2S3BFT00(16bit)
98A00015,SLC-2K,[1CE]TC58NVM9S3ETA00
98B00055,SLC-2K,[1CE]TC58NVM9S3ETA00(16bit)
98A19015,SLC-2K,[1CE]TC58NVG0S3ETA00
98F19015,SLC-2K,[1CE]TC58NVG0S3ETA00
98D19055,SLC-2K,[1CE]TC58NVG0S3ETA00
98A10015,SLC-2K,[1CE]TC58NVG0S3ETA00
98B10055,SLC-2K,[1CE]TC58NVG0S3ETA00
98C19055,SLC-2K,[1CE]TC58NVG0S8ETA00(16bit)
98C190D5,SLC-2K,[1CE]TC58NVG0S8ETA00(16bit)
98C19095,SLC-2K,[1CE]TC58NVG0S3ETA00
98CA9055,SLC-2K,[1CE]TC58NVG1S8ETA00(16bit)#[1CE]TC58NVG1S8HTA00(16bit)
98DC9015,SLC-2K,[1CE]TC58NVG2S3ETA00
98CC9055,SLC-2K,[1CE]TC58NVG2S8ETA00(16bit)
98BC9055,SLC-2K,[1CE]TC58NVG2S3ETA00(16bit)
98F18015,SLC-2K,[1CE]TC58NVG0S3HTA00
98C18055,SLC-2K,[1CE]TC58NVG0S8HTA00(16bit)
98B18055,SLC-2K,[1CE]TC58NYG0S8HBAI6(16bit)
98F18025,SLC-2K,[1CE]TC58NVG0S4FTA00
98D390AA,SLC-4K,[1CE]TC58NVG3S0DTG00#[2CE]TH58NVG4S0DTG20
98D591AA,SLC-4K,[2CE]TH58NVG5S0DTG20
98D39026,SLC-4K,[1CE]TC58NVG3S0ETA00#[1CE]TC58NVG3S0FTA00
98D5D126,SLC-4K,[2CE]TH58DVG5H0ETA20
98D59126,SLC-4K,[2CE]TH58DVG5H0ETA20
98DC9026,SLC-4K,[1CE]TC58NVG2S0FTA00#[1CE]TC58NVG2S0HBAI4
98CC9066,SLC-4K,[1CE]TC58NVG2S5FTA00(16bit)
98D5D022,SLC-8K,[1CE]TC58NVG4S2FTA00#[2CE]TH58NVG5S2FTA20#[4CE]TH58TVG6S2FBA89
98D7D122,SLC-8K,[2CE]TH58NVG6S2FTA20#[4CE]TH58TAG7S2FBA89
98CC84E5,MLC-2K,[1CE]TC58NVG2D9BFT00(16bit)
98C384E5,MLC-2K,[1CE]TC58NVG3D9CTG00(16bit)
98C585E5,MLC-2K,[1CE]TH58NVG4D9CTG00(16bit)
98D786A5,MLC-2K,[2CE]TH58NVG6D4CTG20
98C394BA,MLC-4K,[1CE]TC58NVG3D1DTG00
98C394FA,MLC-4K,[1CE]TC58NVG3D1DTG00(16bit)
98D595BA,MLC-4K,[1CE]TH58NVG4D1DTG00
98D796BA,MLC-4K,[1CE]TH58NVG5D1DTG00
98C594BA,MLC-4K,[1CE]TC58NVG4D1DTG00
98C594FA,MLC-4K,[1CE]TC58NVG4D1DTG00(16bit)
98D594FA,MLC-4K,[1CE]TC58NVG4D1DTG00(16bit)
98DE96BA,MLC-4K,[1CE]TH58NVG6D1DTG00#[2CE]TH58NVG7D1DTG20#[4CE]TH58NVG8D1DTG80
98D58432,MLC-8K,[1CE]TC58NVG4D2ETA00#[1CE]TC58NVG4D2HTA00
98DE9632,MLC-8K,[1CE]TH58NVG6D2ETA00
98C79432,MLC-8K,[2CE]TH58NVG6D7EBAK0(16bit)#[4CE]TH58NVG7D7FTA80(16bit)
98CE9532,MLC-8K,[2CE]TH58NVG7D7ELA49(16bit)#[2CE]TH58NVG7D7FBAK2(16bit)#[4CE]TH58NVG8D7FTA89(16bit)
984A9632,MLC-8K,[2CE]TH58NVG8D7EBAK0(16bit)#[2CE]TH58NVG8D7FBAK2(16bit)
98E59432,MLC-8K,[4CE]TC58NVG6D2FTA00
98E79532,MLC-8K,[4CE]TH58NVG7D2FLA8C
98D7D432,MLC-8K,[1CE]TC58NVG5D2FTA00#[2CE]TH58NVG6D2FTA20#[4CE]TH58TVG7D2FBA89
98E79432,MLC-8K,[2CE]TH58NVG6D2FLA49#[4CE]TH58NVG7D2FLA89
98DED532,MLC-8K,[2CE]TH58NVG7D2FTA20#[4CE]TH58TVG8D2FBA89#[4CE]TH58NVG8D2FLA89
98EE9532,MLC-8K,[4CE]TH58NVG8D2FLA89
983A9632,MLC-8K,[2CE]TH58NVG8D7FBAK2
983AD632,MLC-8K,[4CE]TH58TVG9D2FBASA
983AA582,MLC-8K,[2CE]TH58NVG8D2HTA20#[2CE]TH58TEG8D2HTA20#[4CE]TH58NVG9D2HTA80#[4CE]TH58TEG9D2HBA89#[4CE]TH58NVG9D2JTA80#[4CE]TH58TEG9D2JTA80
983A9583,MLC-16K,[4CE]TH58TEG9D2HBA89-1
98DEA492,MLC-8K,[1CE]TC58NVG6DDJTA00-X
98D78493,MLC-16K,[1CE]TC58NVG5DCJTA00#[1CE]TC58TEG5DCJTA00#[1CE]TC58TEG5DCKTA00
98DE8493,MLC-16K,[1CE]TC58NVG6DCJTA00#[1CE]TC58TEG6DCJTA00#[2CE]TH58NVG7DCJTA20#[2CE]TH58TEG7DCJBA4C
983A8593,MLC-16K,[2CE]TH58NVG8DCJTA20#[2CE]TH58TEG8DCJTA20
983A9593,MLC-16K,[1CE]TH58NVG7DDJA00#[1CE]TH58TEG7DDJA00#[2CE]TH58NVG8DDJA20#[2CE]TH58TEG8DDJA20#[4CE]TH58NVG9DDJBA89#[4CE]TH58TEG9DDJBA89#[2CE]TC58TEG8DDKTA20#[2CE]TC58TEG8DDKTA20
98D79983,TLC-8K,[2CE]TH58NVG6T2DTG20
98DE9AB2,TLC-8K,[1CE]TH58NVG6T2ETA00
98DE99B2,TLC-8K,[1CE]TH58NVG6T2ETA00#[2CE]TH58NVG7T2ETA20
98C79882,TLC-8K,[1CE]TC58NVG5T2FTA00#[2CE]TH58NVG6T2FTA20
98CEA882,TLC-8K,[1CE]TC58NVG6T2FTA00
984AA982,TLC-8K,[2CE]TH58NVG8T2FTA00
98D79892,TLC-8K,[1CE]TC58NVG5T2HTA00#[1CE]TC58TVG5T2HTA00#[2CE]TH58NVG6T2HTA20#[2CE]TH58TVG6T2HBA4C#[2CE]TH58TVG6T2HBA4C#[1CE]TC58NVG5T2JTA00#[1CE]TC58TVG5T2JTA00#[2CE]TH58NVG6T2JTA20#[2CE]TH58TVG6T2JTA20#[4CE]TC58NVG7T2JTA80#[4CE]TC58TVG7T2JTA80
98DE9892,TLC-8K,[1CE]TC58NVG6T2HTA00#[1CE]TC58TVG6T2HTA00#[1CE]TC58NVG6T2JTA00#[1CE]TC58TVG6T2JTA00#[1CE]TC58TEG6T2KTA00#[1CE]TC58TEG6T2KTA00#[1CE]TC58TEG6TCKTA00#[2CE]TH58NVG7T2HTA20#[2CE]TH58TVG7T2HBA4C#[2CE]TH58NVG7T2JTA20#[2CE]TH58TVG7T2JTA20#[4CE]TH58NVG8T2HTA80#[4CE]TH58TVG8T2HTA80#[4CE]TH58NVG8T2JTA80#[4CE]TH58TVG8T2JTA80
983A9992,TLC-8K,[2CE]TH58NVG8T2HTA20#[2CE]TH58TVG8T2HTA20#[2CE]TH58TVG8T2JTA20
98DEA892,TLC-8K,[1CE]TC58NVG6T2JTA00#[1CE]TC58TVG6T2JTA00#[1CE]TC58TEG6TDKTA00#[2CE]TH58NVG7T2JTA20#[2CE]TH58TVG7T2JTA20
983A9892,TLC-8K,[1CE]TC58NVG7T2JTA00#[1CE]TC58TVG7T2JTA00#[2CE]TH58NVG8T2JTA20#[2CE]TH58TVG8T2JTA20#[4CE]TH58NVG9T2JTA80#[4CE]TH58TVG9T2JTA80
983AA892,TLC-8K,[1CE]TC58NVG7T2JTA00#[1CE]TC58TVG7T2JTA00#[1CE]TC58TEG7TDKTA00#[2CE]TH58NVG8T2JTA20#[2CE]TH58TVG8T2JTA20#[2CE]TH58TEG8TDKTA20#[4CE]TH58NVG9T2JTA80#[4CE]TH58TVG9T2JTA80
984CA892,TLC-8K,[1CE]TC58NVG7T2JTA00#[1CE]TC58TVG7T2JTA00#[2CE]TH58NVG8T2JTA20#[2CE]TH58TVG8T2JTA20#[4CE]TH58NVG9T2JTA80#[4CE]TH58TVG9T2JTA80
983CA992,TLC-8K,[2CE]TH58NVG9T2JTA20#[2CE]TH58TVG9T2JTA20#[2CE]TH58TEG9TDKTA20
4571A5C0,SLC-512,[1CE]SDTNGBHE0-2048
45F18495,SLC-2K,[1CE]SDTNKGHSM-1024
45DA8195,SLC-2K,[1CE]SDTNGFHE0-2048
45DC9115,SLC-2K,[1CE]SDTNIHHSM-4096
45CC9155,SLC-2K,[1CE]SDTNIHHSM-4096(16bit)
45CC9095,SLC-2K,[1CE]SDTNKEHSM-4096
45CC90D5,SLC-2K,[1CE]SDTNKEHSM-4096(16bit)
45C39195,SLC-2K,[1CE]SDTNKFHSM-8192
45C391D5,SLC-2K,[1CE]SDTNKFHSM-8192(16bit)
45C59295,SLC-2K,[1CE]SDTNKGHSM-16384
45C592D5,SLC-2K,[1CE]SDTNKGHSM-16384(16bit)
45C390AA,SLC-4K,[1CE]SDTNLJAHSM-1024
45C591AA,SLC-4K,[1CE]SDTNLJBHSM-2048
45C792AA,SLC-4K,[1CE]SDTNLJCHSM-4096
45D39022,SLC-8K,[1CE]SDTNNKAHEM-001G
45C39022,SLC-8K,[1CE]SDTNNKAHSM-001G(16bit)
45D59122,SLC-8K,[1CE]SDTNNKBHEM-002G
45C59122,SLC-8K,[1CE]SDTNNKBHSM-002G(16bit)
45D79222,SLC-8K,[1CE]SDTNNKCHEM-004G
45C79222,SLC-8K,[1CE]SDTNNKCHSM-004G(16bit)
45DE9322,SLC-8K,[1CE]SDTNNKDHEM-008G
45CE9322,SLC-8K,[1CE]SDTNNKDHSM-008G(16bit)
45D59022,SLC-8K,[1CE]SDTNNEAHEM-002G
45C59022,SLC-8K,[1CE]SDTNNEAHSM-002G
45D79122,SLC-8K,[1CE]SDTNNEBHEM-004G
45C79122,SLC-8K,[1CE]SDTNNEBHSM-004G(16bit)
45DE9222,SLC-8K,[1CE]SDTNNECHEM-008G
45CE9222,SLC-8K,[1CE]SDTNNECHSM-008G(16bit)
454A9322,SLC-8K,[1CE]SDTNNEDHEM-016G
45DEA132,SLC-8K,[2CE]SDTNPACHEM-016G-C
4576A5C0,MLC-512,[1CE]SDTNFCH-512
4579A5C0,MLC-512,[1CE]SDTNFCH-1024
45DAA5C0,MLC-512,[1CE]SDTNGCHE0-2048
45DCA5C0,MLC-512,[1CE]SDTNGDHE0-4096
45CA84A5,MLC-2K,[1CE]SDTNKGHSM-2048
45DA84A5,MLC-2K,[1CE]SDTNKGHSM-2048
45CA84E5,MLC-2K,[1CE]SDTNKGHSM-2048(16bit)
45DA9415,MLC-2K,[1CE]SDTNIGHSM-2048
45CA8415,MLC-2K,[1CE]SDTNIGHSM-2048(16bit)
45CC84A5,MLC-2K,[1CE]SDTNKGHSM-4096
45CC84E5,MLC-2K,[1CE]SDTNKGHSM-4096(16bit)#[1CE]SDTNIGHSM-4096(16bit)
45DC9425,MLC-2K,[1CE]SDTNIGHEM-4096
45CC9465,MLC-2K,[1CE]SDTNIGHSM-4096(16bit)
45D39525,MLC-2K,[1CE]SDTNIGHEM-8192#[1CE]SDUNIHHSM-8192
45C39565,MLC-2K,[1CE]SDTNIGHSM-8192(16bit)#[1CE]SDUNIHHSM-8192(16bit)
45D59625,MLC-2K,[1CE]SDTNIGHEM-16384
45C59665,MLC-2K,[1CE]SDTNIGHSM-16384(16bit)
45DC84A5,MLC-2K,[1CE]SDTNIGHSM-4096
45D395A5,MLC-2K,[1CE]SDUNIHHSM-8192
45D385A5,MLC-2K,[1CE]SDUNIHHSM-8192
45C385A5,MLC-2K,[1CE]SDUNIHHSM-8192
45C586A5,MLC-2K,[1CE]SDUNILHSM-16384
45C394A5,MLC-2K,[1CE]SDTNKMAHSM-1024
45C394E5,MLC-2K,[1CE]SDTNKMAHSM-1024(16bit)
45C595A5,MLC-2K,[1CE]SDTNKMBHSM-2048
45C595E5,MLC-2K,[1CE]SDTNKMBHSM-2048(16bit)
45C796A5,MLC-2K,[1CE]SDTNKMCHSM-4096
45C796E5,MLC-2K,[1CE]SDTNKMCHSM-4096(16bit)
45B394A5,MLC-2K,[1CE]SDTNKGAHSM-1024
45B394E5,MLC-2K,[1CE]SDTNKGAHSM-1024(16bit)
45B595A5,MLC-2K,[1CE]SDTNKGBHSM-2048
45B595E5,MLC-2K,[1CE]SDTNKGBHSM-2048(16bit)
45B796A5,MLC-2K,[1CE]SDTNKGCHSM-4096
45B796E5,MLC-2K,[1CE]SDTNKGCHSM-4096(16bit)
45D394BA,MLC-4K,[1CE]SDTNLLAHSM-1024
45C394BA,MLC-4K,[1CE]SDTNLLAHSM-1024
45C394FA,MLC-4K,[1CE]SDTNLLAHSM-1024(16bit)
45D384BA,MLC-4K,[1CE]SDTNLLAHSM-1024
45C384BA,MLC-4K,[1CE]SDTNLLAHSM-1024
45C384FA,MLC-4K,[1CE]SDTNLLAHSM-1024(16bit)
45C595BA,MLC-4K,[1CE]SDTNLLBHSM-2048
45C595FA,MLC-4K,[1CE]SDTNLLBHSM-2048(16bit)
45C585BA,MLC-4K,[1CE]SDTNLLBHSM-2048
45C796BA,MLC-4K,[1CE]SDTNLLCHSM-4096
45C786BA,MLC-4K,[1CE]SDTNLLCHSM-4096
45C786FA,MLC-4K,[1CE]SDTNLLCHSM-4096(16bit)
45C594BA,MLC-4K,[1CE]SDTNLLAHSM-2048
45D594BA,MLC-4K,[1CE]SDTNLLAHSM-2048
45C594FA,MLC-4K,[1CE]SDTNLLAHSM-2048(16bit)
45C795BA,MLC-4K,[1CE]SDTNLLBHSM-4096
45CE96BA,MLC-4K,[1CE]SDTNLLCHSM-8192
45CE96FA,MLC-4K,[1CE]SDTNLLCHSM-8192(16bit)
45D38432,MLC-8K,[1CE]SDTNMMAHSM-001G#[1CE]SDTNNMAHSM-001G#[1CE]SDTNNMAHSM-001G
45D39432,MLC-8K,[1CE]SDTNMMAHSM-001G
45C39432,MLC-8K,[1CE]SDTNMMAHSM-001G
45C59432,MLC-8K,[1CE]SDTNMMAHSM-002G#[1CE]SDTNNMAHSM-002G
45D59432,MLC-8K,[1CE]SDTNMMAHSM-002G#[1CE]SDTNNMAHEM-002G
45C79532,MLC-8K,[1CE]SDTNMMBHSM-004G#[1CE]SDTNNMBHEM-004G#[1CE]SDTNNMBHSM-004G(16bit)
45D79532,MLC-8K,[1CE]SDTNMMBHSM-004G#[1CE]SDTNNMBHEM-004G
45CE9632,MLC-8K,[1CE]SDTNMMCHSM-008G#[1CE]SDTNNMCHSM-008G(16bit)
45DE9632,MLC-8K,[1CE]SDTNMMCHSM-008G#[1CE]SDTNNMCHEM-008G
454A9732,MLC-8K,[1CE]SDTNMMDHSM-016G#[1CE]SDTNNMDHEM-016G
45C79432,MLC-8K,[1CE]SDTNMMAHSM-004G#[1CE]SDTNNMAHSM-004G
454A9632,MLC-8K,[1CE]SDTNMMCHSM-016G#[1CE]SDTNNMCHEM-016G
453A9732,MLC-8K,[1CE]SDTNMMDHSM-032G#[1CE]SDTNNMDHEM-032G#[1CE]SDTNNMDHEM-032G(16bit)
453C9732,MLC-8K,[1CE]SDTNMMDHSM-032G#[1CE]SDTNPMDHEM-032G
45C7D432,MLC-8K,[1CE]SDTNNMAHSM-004G
45D7D432,MLC-8K,[1CE]SDTNNMAHSM-004G
45CED532,MLC-8K,[1CE]SDTNNMBHSM-008G
45289432,MLC-8K,[2CE]SDZNNMBHEM-008G
45489432,MLC-8K,[4CE]SDZNNMCHEM-016G
45D58432,MLC-8K,[1CE]SDTNPMAHEM-002G
454C9632,MLC-8K,[1CE]SDTNPMCHEM-016G
454C9582,MLC-8K,[1CE]SDTNPQBHEM-016G#[1CE]SDTNPQBHEM-016G
453A9582,MLC-8K,[1CE]SDTNPQBHEM-016G#[1CE]SDTNPQBHEM-016G
45DE9582,MLC-8K,[1CE]SDTNPQBHEM-016G#[1CE]SDTNPQBHEM-016G
453C9682,MLC-8K,[1CE]SDTNPQCHEM-032G#[1CE]SDTNPQCHEM-032G
453E9782,MLC-8K,[1CE]SDTNPQDHEM-064G#[1CE]SDTNPQDHEM-064G
452D9482,MLC-8K,[2CE]SDZNPQBHER-016G
454D9482,MLC-8K,[4CE]SDZNPQCHER-032G
456D9582,MLC-8K,[4CE]SDZNPQDHER-064G
45DEA482,MLC-8K,[1CE]SDTNPMAHEM-008G#[1CE]SDTNPMAHEM-008G
453AA582,MLC-8K,[1CE]SDTNPMBHEM-016G#[1CE]SDTNPMBHEM-016G
454CA582,MLC-8K,[1CE]SDTNPMBHEM-016G#[1CE]SDTNPMBHEM-016G
453CA682,MLC-8K,[1CE]SDTNPMCHEM-032G#[1CE]SDTNPMCHEM-032G
453EA782,MLC-8K,[1CE]SDTNPMDHEM-064G#[1CE]SDTNPMDHEM-064G
45D79492,MLC-8K,[1CE]SDTNQGAMA-004G
45DEA492,MLC-8K,[1CE]SDTNQGAMA-008G
453CA692,MLC-8K,[1CE]SDTNQGCMA-032G
45DE9492,MLC-8K,[1CE]SDTNQGAMA-008G
45DE9483,MLC-16K,[1CE]SD-16K-24M01-008G#[1CE]SD-16K-24M01-008G
454C9583,MLC-16K,[1CE]SD-16K-24M02-016G#[1CE]SD-16K-24M02-016G
453C9683,MLC-16K,[1CE]SD-16K-24M04-032G#[1CE]SD-16K-24M04-032G
453E9783,MLC-16K,[1CE]SD-16K-24M08-064G#[1CE]SD-16K-24M08-064G
45D78493,MLC-16K,[1CE]SDTNQFAMA-004G#[2CE]SDTNRFBMB-008G#[4CE]SDTNRFCMC-016G
45DE8593,MLC-16K,[1CE]SDTNQFBMA-008G#[1CE]SDTNQFBMA-008G#[4CE]SDTNRFDMC-032G
454C8693,MLC-16K,[1CE]SDTNQFCMA-016G#[1CE]SDTNQFCMA-016G
453A8693,MLC-16K,[1CE]SDTNQFCMA-016G#[1CE]SDTNQFCMA-016G
45DE8493,MLC-16K,[1CE]SDTNQFAMA-008G#[1CE]SDTNQFAMA-008G
453A8593,MLC-16K,[1CE]SDTNQFBMA-016G#[1CE]SDTNQFBMA-016G
454C8593,MLC-16K,[1CE]SDTNQFBMA-016G#[1CE]SDTNQFBMA-016G
453C8693,MLC-16K,[1CE]SDTNQFCMA-032G#[1CE]SDTNQFCMA-032G
45DE8693,MLC-16K,[1CE]SDTNQFCMA-032G#[1CE]SDTNQFCMA-032G
453E8793,MLC-16K,[1CE]SDTNQFDMA-064G#[1CE]SDTNQFDMA-064G
45DE9493,MLC-16K,[1CE]SDTNQGAMA-008G#[2CE]SDTNQGBMB-016G#[4CE]SDTNQGCMC-032G#[1CE]SDTNRGAMA-008G#[2CE]SDTNRGBMB-016G#[4CE]SDTNRGCMC-032G
454C9593,MLC-16K,[1CE]SDTNQGBMA-016G#[1CE]SDTNQGBMA-016G#[1CE]SDTNRGBMA-016G
453C9693,MLC-16K,[1CE]SDTNQGCMA-032G#[1CE]SDTNQGCMA-032G
45D59883,TLC-8K,[1CE]SDTNLMAHSM-2048
45C79983,TLC-8K,[1CE]SDTNLMBHSM-4096
45CE9A83,TLC-8K,[1CE]SDTNLMCHSM-8192#[2CE]SDYNLNDHSP-016G
45D598B2,TLC-8K,[1CE]SDTNMNAHSM-002G
45D799B2,TLC-8K,[1CE]SDTNMNBHSM-004G
45C799B2,TLC-8K,[1CE]SDTNMNBHSM-004G
45DE9AB2,TLC-8K,[1CE]SDTNMNCHSM-008G
45CE9AB2,TLC-8K,[1CE]SDTNMNCHSM-008G
454A9BB2,TLC-8K,[1CE]SDTNMNDHSM-016G
45DE99B2,TLC-8K,[1CE]SDTNMNBHSM-008G#[1CE]SDTNNNBHEM-008G
453A9BB2,TLC-8K,[1CE]SDTNNNDHEM-032G
45D79882,TLC-8K,[1CE]SDTNNNAHEM-004G#[1CE]SDTNNNAHEM-004G
45DE9982,TLC-8K,[1CE]SDTNNNBHEM-008G
45CE9982,TLC-8K,[1CE]SDTNNNBHEM-008G
454A9A82,TLC-8K,[1CE]SDTNNNCHEM-016G
453A9B82,TLC-8K,[1CE]SDTNNNDHEM-032G
454AA982,TLC-8K,[1CE]SDTNNNBHEM-016G#[1CE]SDTNNNBHEM-016G(16bit)
453AAA82,TLC-8K,[1CE]SDTNNNCHEM-032G
454EAB82,TLC-8K,[1CE]SDTNNNDHEM-064G
45D79892,TLC-8K,[1CE]SDTNPNAHEM-004G#[1CE]SDTNQCAMA-004G#[1CE]SDTNQCAMA-004G
45DE9992,TLC-8K,[1CE]SDTNPNBHEM-008G#[1CE]SDTNQCBMA-008G
454C9A92,TLC-8K,[1CE]SDTNPNCHEM-016G
45DE9892,TLC-8K,[1CE]SDTNPNAHEM-008G#[1CE]SDTNQCAMA-008G#[1CE]SDTNRCAMA-008G#[1CE]SDTNRCAMA-008G
454C9992,TLC-8K,[1CE]SDTNPNBHEM-016G#[1CE]SDTNQCBMA-016G#[1CE]SDTNRCBMA-016G
453C9A92,TLC-8K,[1CE]SDTNPNCHEM-032G#[1CE]SDTNQCCMA-032G
453E9B92,TLC-8K,[1CE]SDTNPNDHEM-064G#[1CE]SDTNQCDMA-064G
45DEA892,TLC-8K,[1CE]SDTNQCAMA-008G#[1CE]SDTNRIAMA-008G
453A9892,TLC-8K,[1CE]SDTNQCAMA-016G#[1CE]SDTNQCAMA-016G
453AA892,TLC-8K,[1CE]SDTNQCAMA-016G#[1CE]SDTNRIAMA-016G
454CA892,TLC-8K,[1CE]SDTNQCAMA-016G#[1CE]SDTNRIAMA-016G
453CA992,TLC-8K,[1CE]SDTNQCBMA-032G#[1CE]SDTNRIBMA-032G
01811000,SLC-2K,[1CE]S39MS512R
01A11000,SLC-2K,[1CE]S39MS01GR
01AA1000,SLC-2K,[1CE]S39MS02GR
01811100,SLC-2K,[1CE]S30MS512R
01A11100,SLC-2K,[1CE]S30MS01GR
01AA1100,SLC-2K,[1CE]S30MS02GR
01CC1100,SLC-2K,[1CE]S30MS04GR
01910100,SLC-2K,[1CE]S99ML512P(16bit)
01B10100,SLC-2K,[1CE]S99ML01GP(16bit)
01270415,SLC-2K,[1CE]S19MN01GR
01260415,SLC-2K,[1CE]S19MN02GR
01F1001D,SLC-2K,[1CE]S34ML01G1
01DA9095,SLC-2K,[1CE]S34ML02G1#[1CE]S34ML02G2
01DC9095,SLC-2K,[1CE]S34ML04G1#[1CE]S34ML04G2
01A18015,SLC-2K,[1CE]S34ML01G2
01F1801D,SLC-2K,[1CE]S34ML01G2
9B769B76,SLC-512,[1CE]AFND1208U1
9B369B36,SLC-512,[1CE]AFND1208S1
9BF1001D,SLC-2K,[1CE]AFND1G08U3
4ADA4ADA,SLC-2K,[1CE]SM90U-256MB
45F145F1,MLC-1K,[1CE]SM90Q
C2F1801D,SLC-2K,[1CE]MX30LF1G08AA
C2F0801D,SLC-2K,[1CE]MX30LF1208AA
ECB30066,SLC-4K,[1CE]K9F8G16Q0M/A(16BIT)
ECD788BF,TLC-16K,[1CE]K9ABGD8U0D#[1CE]K9ABGD8U0E#[2CE]K9BDGD8U1D#[4CE]K9CFGD8U5D
ECD79432,MLC-8K,[1CE]K9GBGD8U0C
2CB10055,SLC-2K,[1CE]MT29F1G16ABC(16BIT)
2CF10095,SLC-2K,[1CE]MT29F1G08AAC
2C44403C,SLC-16K,[1CE]MT29F32G08ABCDB#[1CE]MT29F64G08ABCAB#[2CE]MT29F128G08AECAB
2C84C13C,SLC-16K,[2CE]MT29F256G08AKCAB#[4CE]MT29F256G08AMCAB
2CA4C13C,SLC-16K,[4CE]MT29F512G08AUCAB
B5846434,MLC-16K,[1CE]MT29F128G08CBCAB(SPECTEK)#[2CE]MT29F256G08CECAB(SPECTEK)#[4CE]MT29F512G08CMCAB(SPECTEK)
B584643C,MLC-16K,[1CE]MT29F128G08CBCAB(SPECTEK)#[1CE]MT29F128G08CBEBB(SPECTEK)#[2CE]MT29F256G08CECAB(SPECTEK)#[2CE]MT29F256G08CEEBB(SPECTEK)#[4CE]MT29F512G08CMCAB(SPECTEK)#[4CE]MT29F512G08CMEBB(SPECTEK)
B5A4E53C,MLC-16K,[2CE]MT29F512G08CKCAB(SPECTEK)#[2CE]MT29F512G08CKEBB(SPECTEK)#[4CE]MT29F1T08CUEBB(SPECTEK)
B564643C,MLC-16K,[1CE]MT29F64G08CBCDB(SPECTEK)#[1CE]MT29F64G08CBCEB(SPECTEK)#[1CE]FNNL84B61K3BAB#[2CE]MT29F128G08CECDB(SPECTEK)#[2CE]FNNL84B71K3EAB#[4CE]MT29F256G08CMCDB(SPECTEK)#[4CE]FNNL84B81K3MAB
B584E53C,MLC-16K,[2CE]MT29F256G08CKCDB(SPECTEK)#[2CE]FNNL84B81K3KAB#[4CE]MT29F512G08CUCDB(SPECTEK)#[4CE]FNNL84B91K3UAB
B5846454,MLC-16K,[1CE]MT29F128G08CBCCB(SPECTEK)#[2CE]MT29F256G08CECCB(SPECTEK)#[4CE]MT29F512G08CMCCB(SPECTEK)
2C646456,MLC-12K,[1CE]MT29F64G08CBEFB#[2CE]MT29F128G08CFEFB
B5646456,MLC-12K,[1CE]MT29F64G08CBEFB(SPECTEK)#[2CE]MT29F128G08CFEFB(SPECTEK)
AD3A14AB,MLC-16K,[1CE]H27QDG8T2B8R
ADD7149E,MLC-8K,[1CE]H27UBG8T2DTR
ADDE94A7,MLC-16K,[1CE]H27UCG8T2ETR-BC
ADEE14A7,MLC-16K,[1CE]H27QCG8T2E5R-BCF#[2CE]H27QDG8UDE5R-BCF#[4CE]H27QEG8VEE5R-BCF
AD5A15A7,MLC-16K,[4CE]H27QFG8YEE6R-BCF
AD3A95A7,MLC-16K,[1CE]H27UDG8U2ETR
ADDE14AB,MLC-16K,[1CE]H27QCG8D2F5R
ADEE14AB,MLC-16K,[1CE]H27QCG8D2F5R
AD3A18A3,TLC-16K,[1CE]H27UDG8M2MTR
98B19055,SLC-2K,[1CE]TC58NVG0S3ETA00
98F10015,SLC-2K,[1CE]TC58NVG0S3HTA00
98D10015,SLC-2K,[1CE]TC58NVG0S3HTA00
98D7A032,SLC-8K,[1CE]TC58NVG5H2HTA00
983C8693,MLC-16K,[1CE]TH58NVG8DCJTA00
983AA493,MLC-16K,[1CE]TC58TEG7DDKTA00#[1CE]TC58TEG7DFKTA00#[1CE]TC58TFG7DDLTA00#[2CE]TH58TFG8DFKBA4K#[2CE]TH58TFG8DFLTA4C#[4CE]TH58TFG9DFKBA4K#[4CE]TH58TFG9DFLBA4C
454CA132,SLC-8K,[1CE]SDTNPABHEM-016G
45299532,MLC-8K,[1CE]SDTNPMBHEM-004G
453C9632,MLC-8K,[1CE]SDTNPMCHEM-016G
453A9632,MLC-8K,[1CE]SDTNPMCHEM-016G
45D79632,MLC-8K,[1CE]SDTNPMCHEM-016G
45DE9682,MLC-8K,[1CE]SDTNPQCHEM-008G
454CA592,MLC-8K,[1CE]SDTNQGBMA-016G
453EA792,MLC-8K,[1CE]SDTNQGDMA-064G
453A9583,MLC-16K,[1CE]SD-16K-24M02-016G
45DE9183,MLC-16K,[1CE]SD-16K-19M02-004G
453A9593,MLC-16K,[1CE]SDTNQGBMA-016G
453E9793,MLC-16K,[1CE]SDTNQGDMA-064G
453AA493,MLC-16K,[1CE]SDTNRHAMA-016G#[2CE]SDTNRHBMB-032G#[4CE]SDTNRHCMC-064G
453CA593,MLC-16K,[4CE]SDTNRHDMC-128G
453EAA92,TLC-8K,[1CE]SDTNQCCMA-064G
01CC90D5,SLC-2K,[1CE]S34MS04G2(16BIT)
C2DA9095,SLC-2K,[1CE]MX30LF2G28AB
C2AA9015,SLC-2K,[1CE]MX30UF2G28AB
C2BA9055,SLC-2K,[1CE]MX30UF2G26AB(16BIT)
C2DC9095,SLC-2K,[1CE]MX30LF4G28AB
C2AC9015,SLC-2K,[1CE]MX30UF4G28AB
C2BC9055,SLC-2K,[1CE]MX30UF4G26AB(16BIT)
EFF18095,SLC-2K,[1CE]W29N01GV
F8A10015,SLC-2K,[1CE]FMND1G08S3A
F8B10055,SLC-2K,[1CE]FMND1G16S3A(16BIT)
F8F1001D,SLC-2K,[1CE]FMND1G08U3A
F8C1005D,SLC-2K,[1CE]FMND1G016U3A(16BIT)
F8F18091,SLC-2K,[1CE]FMND1G08L3B
F8C180D1,SLC-2K,[1CE]FMND1G16L3B(16BIT)
F8A18011,SLC-2K,[1CE]FMND1G08S3B
F8B18051,SLC-2K,[1CE]FMND1G16S3B
ECDE88BF,TLC-16K,[1CE]K9ACGD8U0D#[2CE]K9BDGD8U1D#[4CE]K9CFGD8U5D#[8CE]K9OHGD8U7D
ECAEB8DE,TLC-8K,[1CE]K9ACGD8S0C#[2CE]K9BDGD8U1C#[4CE]K9CFGD8U5C
EC3A981F,TLC-16K,[1CE]K9ADGD8U0F
EC1A981F,TLC-16K,[1CE]K9ADGD8S0F
2CA46432,MLC-16K,[1CE]MT29F256G08CBCBB
2C644432,MLC-16K,[1CE]MT29F256G08CMCGB
2C844863,TLC-8K,[2CE]MT29F256G08EFABB
2C847863,TLC-8K,[2CE]MT29F256G08EFABB
2C845832,TLC-16K,[2CE]MT29F256G08EFCDB
983A98A3,TLC-16K,[1CE]TC58TEG7THLTA00#[2CE]TH58TEG8THLTA20
984C98A3,TLC-16K,[1CE]TC58TEG7THLTA00#[2CE]TH58TEG8THLTA20
983C99A3,TLC-16K,[1CE]TH58TEG9THLTA20
EC3A98BF,TLC-16K,[1CE]K9ADGD8U0D#[2CE]K9BFGD8U1D#[4CE]K9CHGD8U5D
EC3CD9BF,TLC-16K,[1CE]K9ADGY8U0D#[2CE]K9BFGY8U1D#[4CE]K9CHGY8U5D
